ltable_ID,ltable_Title,rtable_ID,rtable_Title
A_0005,Jumanji: Welcome to the Jungle,B_0006,Jumanji: Welcome to the Jungle
A_0007,Thor: Ragnarok,B_0004,Thor: Ragnarok
A_0012,Justice League,B_0001,Justice League
A_0027,Wonder Woman,B_0334,Wonder Woman
A_0031,Dunkirk,B_0176,Dunkirk
A_0037,Spider-Man: Homecoming,B_0269,Spider-Man: Homecoming
A_0040,Baby Driver,B_0302,Baby Driver
A_0043,Guardians of the Galaxy Vol. 2,B_0365,Guardians of the Galaxy Vol. 2
A_0048,Valerian and the City of a Thousand Planets,B_0208,Valerian and the City of a Thousand Planets
A_0052,Coco,B_0035,Coco
A_0054,Love,B_1199,Love
A_0056,"I, Tonya",B_0022,"I, Tonya"
A_0057,Lady Bird,B_0008,Lady Bird
A_0062,Ferdinand,B_0002,Ferdinand
A_0063,Pitch Perfect 3,B_0005,Pitch Perfect 3
A_0068,Downsizing,B_0009,Downsizing
A_0072,The Disaster Artist,B_0007,The Disaster Artist
A_0098,The Outsider,B_0030,The Outsider
A_0098,The Outsider,B_2530,The Outsider
A_0107,Get Out,B_0546,Get Out
A_0110,Blade Runner 2049,B_0128,Blade Runner 2049
A_0112,Wind River,B_0240,Wind River
A_0115,Mute,B_0049,Mute
A_0121,Ex Machina,B_1661,Ex Machina
A_0141,The Shape of Water,B_0020,The Shape of Water
A_0144,Fantastic Beasts and Where to Find Them,B_0619,Fantastic Beasts and Where to Find Them
A_0145,Deadpool,B_1092,Deadpool
A_0146,Captain America: Civil War,B_0899,Captain America: Civil War
A_0147,Kingsman: The Golden Circle,B_0178,Kingsman: The Golden Circle
A_0148,Transformers: The Last Knight,B_0339,Transformers: The Last Knight
A_0156,Beauty and the Beast,B_0493,Beauty and the Beast
A_0157,Suicide Squad,B_0750,Suicide Squad
A_0161,Moana,B_0651,Moana
A_0164,Bright,B_0180,Bright
A_0165,When We First Met,B_0090,When We First Met
A_0171,It,B_0152,It
A_0174,Alien: Covenant,B_0397,Alien: Covenant
A_0176,The Ritual,B_0088,The Ritual
A_0183,Split,B_0560,Split
A_0189,Demon House,B_0028,Demon House
A_0190,Jigsaw,B_0099,Jigsaw
A_0191,Monster Family,B_0089,Monster Family
A_0198,My Friend Dahmer,B_0051,My Friend Dahmer
A_0200,Leap!,B_0220,Leap!
A_0205,Zootopia,B_1054,Zootopia
A_0206,Sing,B_0626,Sing
A_0211,Frozen,B_2694,Frozen
A_0213,Cars 3,B_0238,Cars 3
A_0214,The Emoji Movie,B_0275,The Emoji Movie
A_0216,Trolls,B_0712,Trolls
A_0217,Inside Out,B_1398,Inside Out
A_0226,Beauty and the Beast,B_0493,Beauty and the Beast
A_0227,The Boss Baby,B_0428,The Boss Baby
A_0229,Loving Vincent,B_0141,Loving Vincent
A_0230,Paddington,B_1803,Paddington
A_0236,The Star,B_0034,The Star
A_0239,"Three Billboards Outside Ebbing, Missouri",B_0038,"Three Billboards Outside Ebbing, Missouri"
A_0244,Call Me by Your Name,B_0016,Call Me by Your Name
A_0245,The Theory of Everything,B_1961,The Theory of Everything
A_0261,Guardians of the Galaxy,B_2110,Guardians of the Galaxy
A_0262,Baywatch,B_0369,Baywatch
A_0263,Avengers: Age of Ultron,B_1491,Avengers: Age of Ultron
A_0276,Logan,B_0525,Logan
A_0280,Pirates of the Caribbean: Dead Men Tell No Tales,B_0300,Pirates of the Caribbean: Dead Men Tell No Tales
A_0286,Mad Max: Fury Road,B_1554,Mad Max: Fury Road
A_0293,Doctor Strange,B_0650,Doctor Strange
A_0295,John Wick: Chapter 2,B_0502,John Wick: Chapter 2
A_0300,The Square,B_0110,The Square
A_0315,Logan Lucky,B_0212,Logan Lucky
A_0318,Dear Dictator,B_0023,Dear Dictator
A_0321,The Wolf of Wall Street,B_2670,The Wolf of Wall Street
A_0338,The Killing of a Sacred Deer,B_0138,The Killing of a Sacred Deer
A_0340,My Cousin Rachel,B_0371,My Cousin Rachel
A_0348,Atomic Blonde,B_0239,Atomic Blonde
A_0356,The Gift,B_1452,The Gift
A_0357,The Vanishing of Sidney Hall,B_0017,The Vanishing of Sidney Hall
A_0359,Gone Girl,B_2050,Gone Girl
A_0360,Sicario,B_1322,Sicario
A_0365,Interstellar,B_1859,Interstellar
A_0368,The Martian,B_1282,The Martian
A_0371,Geostorm,B_0095,Geostorm
A_0373,Batman v Superman: Dawn of Justice,B_0989,Batman v Superman: Dawn of Justice
A_0375,Thor: The Dark World,B_2729,Thor: The Dark World
A_0394,The Jungle Book,B_0931,The Jungle Book
A_0396,Kong: Skull Island,B_0429,Kong: Skull Island
A_0399,The Mummy,B_0331,The Mummy
A_0401,Ghostbusters,B_0835,Ghostbusters
A_0409,Crimson Peak,B_1241,Crimson Peak
A_0410,Warcraft,B_0863,Warcraft
A_0413,Cinderella,B_1521,Cinderella
A_0415,Happy Death Day,B_0139,Happy Death Day
A_0422,Annabelle: Creation,B_0274,Annabelle: Creation
A_0423,10 Cloverfield Lane,B_1077,10 Cloverfield Lane
A_0424,The Dark Tower,B_0268,The Dark Tower
A_0428,47 Meters Down,B_0332,47 Meters Down
A_0432,Life,B_0473,Life
A_0432,Life,B_1208,Life
A_0434,Gerald's Game,B_0359,Gerald's Game
A_0435,The Babysitter,B_0273,The Babysitter
A_0436,It,B_0152,It
A_0445,It Comes at Night,B_0352,It Comes At Night
A_0447,It Follows,B_1658,It Follows
A_0451,Hellraiser: Judgment,B_0093,Hellraiser: Judgment
A_0456,A Cure for Wellness,B_0495,A Cure For Wellness
A_0457,Scouts Guide to the Zombie Apocalypse,B_1328,Scouts Guide to the Zombie Apocalypse
A_0459,The Neon Demon,B_0872,The Neon Demon
A_0466,The Breadwinner,B_0010,The Breadwinner
A_0471,The Secret Life of Pets,B_0776,The Secret Life of Pets
A_0472,Big Hero 6,B_1925,Big Hero 6
A_0480,Hercules,B_2176,Hercules
A_0481,Finding Dory,B_0806,Finding Dory
A_0483,Sausage Party,B_0807,Sausage Party
A_0495,Batman: Gotham by Gaslight,B_0121,Batman: Gotham by Gaslight
A_0499,Minions,B_1335,Minions
A_0506,Despicable Me 2,B_2885,Despicable Me 2
A_0511,Darkest Hour,B_0042,Darkest Hour
A_0514,Wonder,B_0067,Wonder
A_0536,Fifty Shades of Grey,B_1762,Fifty Shades of Grey
A_0538,American Made,B_0146,American Made
A_0541,The Fate of the Furious,B_0464,The Fate of the Furious
A_0543,Kingsman: The Secret Service,B_1709,Kingsman: The Secret Service
A_0544,X-Men: Apocalypse,B_0865,X-Men: Apocalypse
A_0548,John Wick,B_2008,John Wick
A_0551,The Hitman's Bodyguard,B_0209,The Hitman's Bodyguard
A_0555,7 Guardians of the Tomb,B_0064,7 Guardians of the Tomb
A_0559,La La Land,B_0557,La La Land
A_0566,The Big Sick,B_0346,The Big Sick
A_0580,Ant-Man,B_1333,Ant-Man
A_0587,A Bad Moms Christmas,B_0070,A Bad Moms Christmas
A_0591,The Hateful Eight,B_1149,The Hateful Eight
A_0592,Arrival,B_0701,Arrival
A_0594,Hangman,B_0060,Hangman
A_0595,The Snowman,B_0123,The Snowman
A_0597,Suburbicon,B_0078,Suburbicon
A_0599,The Maze Runner,B_2081,The Maze Runner
A_0603,What Happened to Monday,B_0392,What Happened to Monday
A_0608,The Girl on the Train,B_0725,The Girl on the Train
A_0609,Prisoners,B_2903,Prisoners
A_0613,Divergent,B_2386,Divergent
A_0615,Ghost in the Shell,B_0430,Ghost in the Shell
A_0631,War for the Planet of the Apes,B_0270,War for the Planet of the Apes
A_0633,Jurassic World,B_1431,Jurassic World
A_0636,Captain America: The Winter Soldier,B_2323,Captain America: The Winter Soldier
A_0642,Terminator Genisys,B_1400,Terminator Genisys
A_0643,The Revenant,B_1116,The Revenant
A_0647,The Mountain Between Us,B_0145,The Mountain Between Us
A_0648,Spectre,B_1243,Spectre
A_0652,Gods of Egypt,B_1057,Gods Of Egypt
A_0656,Man of Steel,B_2947,Man of Steel
A_0669,Hercules,B_2176,Hercules
A_0670,The Legend of Tarzan,B_0839,The Legend of Tarzan
A_0673,Ghostbusters,B_0835,Ghostbusters
A_0675,The Mummy,B_0331,The Mummy
A_0679,Knock Knock,B_1353,Knock Knock
A_0680,Cult of Chucky,B_0324,Cult of Chucky
A_0685,Carrie,B_2828,Carrie
A_0686,Carrie,B_2828,Carrie
A_0688,Death Note,B_0383,Death Note
A_0689,Don't Breathe,B_0781,Don't Breathe
A_0691,The Conjuring 2,B_0898,The Conjuring 2
A_0694,The Belko Experiment,B_0482,The Belko Experiment
A_0695,The Shallows,B_0874,The Shallows
A_0708,Nails,B_0259,Nails
A_0715,Dracula Untold,B_1991,Dracula Untold
A_0717,Beauty and the Beast,B_0493,Beauty and the Beast
A_0719,The Bad Batch,B_0341,The Bad Batch
A_0720,Morgan,B_0797,Morgan
A_0722,Underworld: Blood Wars,B_0568,Underworld: Blood Wars
A_0730,How to Train Your Dragon 2,B_2169,How to Train Your Dragon 2
A_0733,My Little Pony: The Movie,B_0124,My Little Pony: The Movie
A_0735,The Book of Life,B_2011,The Book of Life
A_0736,Tarzan,B_1984,Tarzan
A_0744,Kung Fu Panda 3,B_1021,Kung Fu Panda 3
A_0760,A Monster Calls,B_0621,A Monster Calls
A_0762,Ice Age: Collision Course,B_0838,Ice Age: Collision Course
A_0765,Monsters University,B_2978,Monsters University
A_0773,Storks,B_0754,Storks
A_0774,The Jungle Book,B_0931,The Jungle Book
A_0779,The Florida Project,B_0081,The Florida Project
A_0786,Bullet Head,B_0173,Bullet Head
A_0788,Josie,B_0025,Josie
A_0790,Icarus,B_0416,Icarus
A_0791,Patriots Day,B_0630,Patriots Day
A_0796,The Equalizer,B_2075,The Equalizer
A_0802,Snatched,B_0399,Snatched
A_0804,The Magnificent Seven,B_0751,The Magnificent Seven
A_0814,Mission: Impossible - Rogue Nation,B_1337,Mission: Impossible Rogue Nation
A_0816,Battle of the Sexes,B_0149,Battle of the Sexes
A_0837,The House,B_0306,The House
A_0843,Just Getting Started,B_0040,Just Getting Started
A_0860,The Hunger Games: Catching Fire,B_2696,The Hunger Games: Catching Fire
A_0865,The Nice Guys,B_0933,The Nice Guys
A_0878,Thelma,B_0117,Thelma
A_0880,1922,B_0296,1922
A_0883,Wonderstruck,B_0727,Wonderstruck
A_0885,Passengers,B_0618,Passengers
A_0886,Her,B_2582,Her
A_0887,The Circle,B_0431,The Circle
A_0887,The Circle,B_1874,The Circle
A_0889,The Space Between Us,B_0533,The Space Between Us
A_0896,Fantastic Four,B_1336,Fantastic Four
A_0898,Flatliners,B_0155,Flatliners
A_0899,Gravity,B_2727,Gravity
A_0900,Maze Runner: The Scorch Trials,B_1350,Maze Runner: The Scorch Trials
A_0912,The Lost City of Z,B_0475,The Lost City of Z
A_0913,San Andreas,B_1433,San Andreas
A_0917,About Time,B_2798,About Time
A_0919,The Hobbit: The Battle of the Five Armies,B_1888,The Hobbit: The Battle of the Five Armies
A_0920,Assassin's Creed,B_0616,Assassin's Creed
A_0923,Miss Peregrine's Home for Peculiar Children,B_0744,Miss Peregrine's Home for Peculiar Children
A_0928,A Ghost Story,B_0314,A Ghost Story
A_0929,Maleficent,B_2172,Maleficent
A_0930,Into the Woods,B_1860,Into the Woods
A_0933,300: Rise of an Empire,B_2473,300: Rise of an Empire
A_0936,Pan,B_1341,Pan
A_0937,Tomorrowland,B_1458,Tomorrowland
A_0939,The Babadook,B_1836,The Babadook
A_0940,The Purge: Election Year,B_0869,The Purge: Election Year
A_0941,Leatherface,B_0203,Leatherface
A_0942,Resident Evil: The Final Chapter,B_0524,Resident Evil: The Final Chapter
A_0946,Bone Tomahawk,B_1314,Bone Tomahawk
A_0948,Pride and Prejudice and Zombies,B_1084,Pride and Prejudice and Zombies
A_0951,Green Room,B_0994,Green Room
A_0952,The Autopsy of Jane Doe,B_0483,The Autopsy of Jane Doe
A_0953,Hush,B_1175,Hush
A_0955,Better Watch Out,B_0214,Better Watch Out
A_0956,The Boy,B_1095,The Boy
A_0956,The Boy,B_1223,The Boy
A_0957,Insidious: Chapter 2,B_2864,Insidious: Chapter 2
A_0964,Insidious: Chapter 3,B_1467,Insidious: Chapter 3
A_0977,The Visit,B_1318,The Visit
A_0978,The Mortal Instruments: City of Bones,B_2929,The Mortal Instruments: City of Bones
A_0982,Carnage Park,B_1041,Carnage Park
A_0983,Lights Out,B_0849,Lights Out
A_0984,Cabin Fever,B_1267,Cabin Fever
A_0991,Kubo and the Two Strings,B_0810,Kubo and the Two Strings
A_1005,Hotel Transylvania 2,B_1303,Hotel Transylvania 2
A_1009,Kingsglaive: Final Fantasy XV,B_0889,Kingsglaive: Final Fantasy XV
A_1017,Smurfs: The Lost Village,B_0459,Smurfs: The Lost Village
A_1021,The Good Dinosaur,B_1240,The Good Dinosaur
A_1028,The Nut Job 2: Nutty by Nature,B_0237,The Nut Job 2: Nutty by Nature
A_1036,Cinderella,B_1521,Cinderella
A_1043,The Danish Girl,B_1222,The Danish Girl
A_1049,Only the Brave,B_0116,Only the Brave
A_1054,Good Time,B_0247,Good Time
A_1058,Nocturnal Animals,B_0699,Nocturnal Animals
A_1060,The Forgiven,B_0014,The Forgiven
A_1061,Jason Bourne,B_0780,Jason Bourne
A_1063,Furious 7,B_1493,Furious 7
A_1065,Fury,B_1989,Fury
A_1071,Spy,B_1497,Spy
A_1079,Jungle,B_0229,Jungle
A_1080,Pitch Perfect 2,B_1494,Pitch Perfect 2
A_1083,Rough Night,B_0372,Rough Night
A_1085,Girls Trip,B_0271,Girls Trip
A_1093,Entourage,B_1498,Entourage
A_1097,The DUFF,B_1723,The DUFF
A_1102,The Big Short,B_1189,The Big Short
A_1128,Inherent Vice,B_1798,Inherent Vice
A_1129,Veronica Mars,B_2586,Veronica Mars
A_1132,Midnight Special,B_1023,Midnight Special
A_1134,Now You See Me 2,B_0897,Now You See Me 2
A_1145,Crooked House,B_0132,Crooked House
A_1151,Jack Reacher: Never Go Back,B_0717,Jack Reacher: Never Go Back
A_1153,Nerve,B_0852,Nerve
A_1154,The Hunger Games: Mockingjay - Part 2,B_1180,The Hunger Games: Mockingjay - Part 2
A_1154,The Hunger Games: Mockingjay - Part 2,B_1890,The Hunger Games: Mockingjay - Part 1
A_1155,Jupiter Ascending,B_1708,Jupiter Ascending
A_1161,X-Men: Days of Future Past,B_2230,X-Men: Days of Future Past
A_1166,The Hunger Games: Mockingjay - Part 1,B_1180,The Hunger Games: Mockingjay - Part 2
A_1166,The Hunger Games: Mockingjay - Part 1,B_1890,The Hunger Games: Mockingjay - Part 1
A_1171,The Lobster,B_0976,The Lobster
A_1173,Insurgent,B_1611,Insurgent
A_1181,xXx: Return of Xander Cage,B_0522,xXx: Return of Xander Cage
A_1182,Everest,B_1279,Everest
A_1187,The Shack,B_0497,The Shack
A_1192,The Hobbit: The Desolation of Smaug,B_2637,The Hobbit: The Desolation of Smaug
A_1194,Ender's Game,B_2758,Ender's Game
A_1196,The Great Wall,B_0537,The Great Wall
A_1197,Colossal,B_0433,Colossal
A_1203,The Age of Adaline,B_1527,The Age of Adaline
A_1204,Pixels,B_1429,Pixels
A_1210,The Huntsman: Winter's War,B_0935,The Huntsman: Winter's War
A_1212,Mr. Nobody,B_2725,Mr. Nobody
A_1221,The Void,B_0545,The Void
A_1222,The Limehouse Golem,B_0279,The Limehouse Golem
A_1231,The Vault,B_0391,The Vault
A_1236,The Green Inferno,B_1304,The Green Inferno
A_1242,Victor Crowley,B_0119,Victor Crowley
A_1247,Goosebumps,B_1271,Goosebumps
A_1253,You're Next,B_2823,You're Next
A_1264,Guardians of the Galaxy,B_2110,Guardians of the Galaxy
A_1275,Ghost in the Shell,B_0430,Ghost in the Shell
A_1310,The SpongeBob Movie: Sponge Out of Water,B_1712,The SpongeBob Movie: Sponge Out of Water
A_1320,Fifty Shades Darker,B_0526,Fifty Shades Darker
A_1322,Detroit,B_0184,Detroit
A_1324,The Imitation Game,B_1867,The Imitation Game
A_1332,Hell or High Water,B_0824,Hell or High Water
A_1338,American Sniper,B_1734,American Sniper
A_1339,Baywatch,B_0369,Baywatch
A_1364,Bad Moms,B_0820,Bad Moms
A_1366,The Layover,B_0301,The Layover
A_1375,The Man Who Invented Christmas,B_0053,The Man Who Invented Christmas
A_1377,A Futile and Stupid Gesture,B_0096,A Futile and Stupid Gesture
A_1379,Before I Fall,B_0506,Before I Fall
A_1384,The Invitation,B_1146,The Invitation
A_1389,Kidnap,B_0272,Kidnap
A_1393,"Hail, Caesar!",B_1050,"Hail, Caesar!"
A_1399,Inferno,B_0714,Inferno
A_1404,All I See Is You,B_0101,All I See Is You
A_1406,The Loft,B_1738,The Loft
A_1410,Secret in Their Eyes,B_1220,Secret in Their Eyes
A_1416,Transformers: Age of Extinction,B_2267,Transformers: Age of Extinction
A_1421,Okja,B_0467,Okja
A_1426,RoboCop,B_2506,RoboCop
A_1427,The 5th Wave,B_1118,The 5th Wave
A_1429,Lucy,B_2020,Lucy
A_1432,Snowpiercer,B_2201,Snowpiercer
A_1441,Godzilla,B_2292,Godzilla
A_1442,The Amazing Spider-Man 2,B_2348,The Amazing Spider-Man 2
A_1445,Silence,B_0641,Silence
A_1445,Silence,B_2731,Silence
A_1448,Last Knights,B_1703,Last Knights
A_1450,The Brothers Grimsby,B_1039,The Brothers Grimsby
A_1468,Legend,B_1221,Legend
A_1470,A Dog's Purpose,B_0562,A Dog's Purpose
A_1482,Alice Through the Looking Glass,B_0837,Alice Through the Looking Glass
A_1483,Wonder Woman,B_0334,Wonder Woman
A_1484,Poltergeist,B_1489,Poltergeist
A_1485,Oculus,B_2400,Oculus
A_1488,Creep,B_1150,Creep
A_1490,Mayhem,B_0151,Mayhem
A_1494,Vampire Academy,B_2548,Vampire Academy
A_1497,Unfriended,B_1603,Unfriended
A_1499,Only Lovers Left Alive,B_2355,Only Lovers Left Alive
A_1508,Rings,B_0553,Rings
A_1514,Leviathan,B_1744,Leviathan
A_1518,Creep 2,B_0297,Creep 2
A_1520,Tusk,B_2094,Tusk
A_1521,Ouija: Origin of Evil,B_0720,Ouija: Origin of Evil
A_1522,31,B_0762,31
A_1525,Annabelle,B_2032,Annabelle
A_1527,Flatliners,B_0155,Flatliners
A_1530,Cabin Fever,B_1267,Cabin Fever
A_1537,Alvin and the Chipmunks: The Road Chip,B_1184,Alvin and the Chipmunks: The Road Chip
A_1550,Cloudy with a Chance of Meatballs 2,B_2796,Cloudy with a Chance of Meatballs 2
A_1563,Rio 2,B_2446,Rio 2
A_1573,Teenage Mutant Ninja Turtles,B_2071,Teenage Mutant Ninja Turtles
A_1581,Justice League Dark,B_0704,Justice League Dark
A_1585,"Roman J. Israel, Esq.",B_0085,"Roman J. Israel, Esq."
A_1591,Mudbound,B_0252,Mudbound
A_1592,Victoria,B_1200,Victoria
A_1594,Moonlight,B_0669,Moonlight
A_1595,Wonder Wheel,B_0012,Wonder Wheel
A_1596,Love,B_1199,Love
A_1597,Hacksaw Ridge,B_0657,Hacksaw Ridge
A_1599,Shot Caller,B_0290,Shot Caller
A_1600,Inconceivable,B_0384,Inconceivable
A_1603,The Beguiled,B_0313,The Beguiled
A_1606,Legend,B_1221,Legend
A_1607,The Accountant,B_0756,The Accountant
A_1608,Point Break,B_1145,Point Break
A_1610,Central Intelligence,B_0867,Central Intelligence
A_1615,Allied,B_0666,Allied
A_1619,Mother's Day,B_0978,Mother's Day
A_1621,Irreplaceable You,B_0094,Irreplaceable You
A_1629,Why Him?,B_0625,Why Him?
A_1633,Home Again,B_0189,Home Again
A_1639,Captain Fantastic,B_0848,Captain Fantastic
A_1641,Going in Style,B_0438,Going in Style
A_1646,Blended,B_2374,Blended
A_1647,Unlocked,B_0379,Unlocked
A_1648,Predestination,B_1966,Predestination
A_1650,Enemy,B_2495,Enemy
A_1652,Criminal,B_0962,Criminal
A_1654,Oldboy,B_2736,Oldboy
A_1657,The Guest,B_2057,The Guest
A_1682,Small Town Crime,B_0011,Small Town Crime
A_1693,The World's End,B_2918,The World's End
A_1696,Teenage Mutant Ninja Turtles: Out of the Shadows,B_0901,Teenage Mutant Ninja Turtles: Out of the Shadows
A_1700,Elysium,B_2884,Elysium
A_1708,Under the Skin,B_2429,Under the Skin
A_1713,The Wolverine,B_2920,The Wolverine
A_1726,Mike and Dave Need Wedding Dates,B_0868,Mike and Dave Need Wedding Dates
A_1729,Swiss Army Man,B_0879,Swiss Army Man
A_1731,The Secret Life of Walter Mitty,B_2635,The Secret Life Of Walter Mitty
A_1734,The BFG,B_0779,The BFG
A_1741,Exodus: Gods and Kings,B_1893,Exodus: Gods and Kings
A_1743,Percy Jackson: Sea of Monsters,B_2888,Percy Jackson: Sea of Monsters
A_1757,Amityville: The Awakening,B_0236,Amityville: The Awakening
A_1759,Most Beautiful Island,B_0288,Most Beautiful Island
A_1761,The Purge: Anarchy,B_2205,The Purge: Anarchy
A_1771,The Bye Bye Man,B_0563,The Bye Bye Man
A_1772,Outcast,B_1881,Outcast
A_1773,Wish Upon,B_0315,Wish Upon
A_1789,Berlin Syndrome,B_0487,Berlin Syndrome
A_1796,Incarnate,B_0664,Incarnate
A_1809,Batman and Harley Quinn,B_0386,Batman and Harley Quinn
A_1810,Batman: The Killing Joke,B_0951,Batman: The Killing Joke
A_1813,Ratchet & Clank,B_0932,Ratchet & Clank
A_1831,The Peanuts Movie,B_1181,The Peanuts Movie
A_1835,Turbo,B_2949,Turbo
A_1844,Mr. Peabody & Sherman,B_2228,Mr. Peabody & Sherman
A_1848,Middle School: The Worst Years of My Life,B_0761,Middle School: The Worst Years of My Life
A_1854,The Smurfs 2,B_2924,The Smurfs 2
A_1859,Goodbye Christopher Robin,B_0107,Goodbye Christopher Robin
A_1861,Hidden Figures,B_0597,Hidden Figures
A_1872,Me Before You,B_0934,Me Before You
A_1875,Nightcrawler,B_1972,Nightcrawler
A_1878,Mark Felt: The Man Who Brought Down the White House,B_0148,Mark Felt: The Man Who Brought Down the White House
A_1882,The Stanford Prison Experiment,B_1388,The Stanford Prison Experiment
A_1885,2:22,B_0488,2:22
A_1886,24 Hours to Live,B_0120,24 Hours to Live
A_1894,Scorched Earth,B_0056,Scorched Earth
A_1898,Horrible Bosses 2,B_1923,Horrible Bosses 2
A_1899,Bomb City,B_0092,Bomb City
A_1908,The Finest Hours,B_1085,The Finest Hours
A_1912,Independence Day: Resurgence,B_0836,Independence Day: Resurgence
A_1916,London Has Fallen,B_1056,London Has Fallen
A_1917,First Kill,B_0456,First Kill
A_1918,Noah,B_2413,Noah
A_1924,Teenage Mutant Ninja Turtles,B_2071,Teenage Mutant Ninja Turtles
A_1934,Don Jon,B_2870,Don Jon
A_1938,The Dressmaker,B_0743,The Dressmaker
A_1947,Dirty Grandpa,B_1091,Dirty Grandpa
A_1949,Magic Mike XXL,B_1470,Magic Mike XXL
A_1959,Coherence,B_2027,Coherence
A_1962,Mortdecai,B_1771,Mortdecai
A_1968,Goosebumps,B_1271,Goosebumps
A_1971,The Forest,B_1152,The Forest
A_1975,Risen,B_1099,Risen
A_1976,Wheelman,B_0294,Wheelman
A_1981,The Zero Theorem,B_2019,The Zero Theorem
A_2001,Blackhat,B_1783,Blackhat
A_2008,Transcendence,B_2420,Transcendence
A_2011,The Discovery,B_0595,The Discovery
A_2054,Chef,B_2275,Chef
A_2065,If I Stay,B_2137,If I Stay
A_2077,Byzantium,B_2984,Byzantium
A_2088,Beauty and the Beast,B_0493,Beauty and the Beast
A_2092,Deadpool,B_1092,Deadpool
A_2104,The Final Girls,B_1418,The Final Girls
A_2124,The Monster,B_0736,The Monster
A_2125,Odd Thomas,B_2664,Odd Thomas
A_2127,Blair Witch,B_0770,Blair Witch
A_2128,A Dark Song,B_0377,A Dark Song
A_2134,Horns,B_2076,Horns
A_2137,Moonlight,B_0669,Moonlight
A_2144,The Boxtrolls,B_2013,The Boxtrolls
A_2195,Brawl in Cell Block 99,B_0172,Brawl in Cell Block 99
A_2202,Dallas Buyers Club,B_2780,Dallas Buyers Club
A_2204,"Everything, Everything",B_0412,"Everything, Everything"
A_2207,The Signal,B_2282,The Signal
A_2216,Sleepless,B_0561,Sleepless
A_2222,The Expendables 3,B_2142,The Expendables 3
A_2229,The Book of Henry,B_0307,The Book of Henry
A_2234,The Lone Ranger,B_2852,The Lone Ranger
A_2238,In the Heart of the Sea,B_1183,In the Heart of the Sea
A_2252,Killing Gunther,B_0182,Killing Gunther
A_2269,Get Hard,B_1683,Get Hard
A_2279,Ted 2,B_1339,Ted 2
A_2297,White Bird in a Blizzard,B_2028,White Bird in a Blizzard
A_2301,"As Above, So Below",B_2108,"As Above, So Below"
A_2308,Left Behind,B_2077,Left Behind
A_2313,Marjorie Prime,B_0303,Marjorie Prime
A_2317,Walking Out,B_0073,Walking Out
A_2324,Veronica Mars,B_2586,Veronica Mars
A_2329,Deliver Us from Evil,B_2214,Deliver Us from Evil
A_2338,Curvature,B_0061,Curvature
A_2339,I Origins,B_2126,I Origins
A_2351,Self/less,B_1366,Self/less
A_2352,Godzilla,B_2292,Godzilla
A_2363,Hot Tub Time Machine 2,B_1739,Hot Tub Time Machine 2
A_2371,The Road,B_2319,The Road
A_2376,Seventh Son,B_1732,Seventh Son
A_2382,American Honey,B_0767,American Honey
A_2398,Ben-Hur,B_0745,Ben-Hur
A_2399,Hitman: Agent 47,B_1310,Hitman: Agent 47
A_2410,Jem and the Holograms,B_1281,Jem and the Holograms
A_2417,The Returned,B_2454,The Returned
A_2425,47 Ronin,B_2663,47 Ronin
A_2429,Monster Trucks,B_0588,Monster Trucks
A_2438,Cooties,B_1342,Cooties
A_2441,Mohawk,B_0057,Mohawk
A_2442,The Darkness,B_0916,The Darkness
A_2453,Cell,B_0864,Cell
A_2457,Clown,B_0930,Clown
A_2461,Sinister 2,B_1309,Sinister 2
A_2469,Rupture,B_0581,Rupture
A_2471,Honeymoon,B_2062,Honeymoon
A_2473,Viral,B_0983,Viral
A_2481,Devil's Gate,B_0166,Devil's Gate
A_2482,Don't Knock Twice,B_0446,Don't Knock Twice
A_2483,Stonehearst Asylum,B_2119,Stonehearst Asylum
A_2526,The Congress,B_2114,The Congress
A_2535,Marshall,B_0126,Marshall
A_2541,Brooklyn,B_1185,Brooklyn
A_2542,The Light Between Oceans,B_0715,The Light Between Oceans
A_2548,Tulip Fever,B_0210,Tulip Fever
A_2549,Newness,B_0284,Newness
A_2550,Money Monster,B_0909,Money Monster
A_2556,Snowden,B_0752,Snowden
A_2558,Aftermath,B_0500,Aftermath
A_2558,Aftermath,B_2331,Aftermath
A_2558,Aftermath,B_2352,Aftermath
A_2565,Kickboxer: Retaliation,B_0021,Kickboxer: Retaliation
A_2568,Deepwater Horizon,B_0749,Deepwater Horizon
A_2573,CHIPS,B_0469,CHIPS
A_2576,Daddy's Home,B_1186,Daddy's Home
A_2580,Ingrid Goes West,B_0253,Ingrid Goes West
A_2581,Focus,B_1733,Focus
A_2584,Grown Ups 2,B_2982,Grown Ups 2
A_2585,Brad's Status,B_0156,Brad's Status
A_2590,Last Flag Flying,B_0115,Last Flag Flying
A_2591,The Interview,B_1924,The Interview
A_2593,Burnt,B_1289,Burnt
A_2600,War Dogs,B_0815,War Dogs
A_2608,Solace,B_0617,Solace
A_2624,Paper Towns,B_1441,Paper Towns
A_2643,The Giver,B_2154,The Giver
A_2650,Hunt for the Wilderpeople,B_0882,Hunt for the Wilderpeople
A_2653,Gold,B_0558,Gold
A_2657,Vacation,B_1399,Vacation
A_2674,Fallen,B_0312,Fallen
A_2675,Night at the Museum: Secret of the Tomb,B_1892,Night at the Museum: Secret of the Tomb
A_2683,Still/Born,B_0087,Still/Born
A_2685,Sharknado 5: Global Swarming,B_0319,Sharknado 5: Global Swarming
A_2687,Little Evil,B_0394,Little Evil
A_2689,Poltergeist,B_1489,Poltergeist
A_2691,Maggie,B_1647,Maggie
A_2698,Victor Frankenstein,B_1182,Victor Frankenstein
A_2699,The Human Centipede III (Final Sequence),B_1430,The Human Centipede III (Final Sequence)
A_2702,Ouija,B_2001,Ouija
A_2705,Psychopaths,B_0169,Psychopaths
A_2724,Justice League,B_0001,Justice League
A_2727,Deadpool,B_1092,Deadpool
A_2742,Resident Evil: Vendetta,B_0455,Resident Evil: Vendetta
A_2758,Pete's Dragon,B_0783,Pete's Dragon
A_2760,Creed,B_1218,Creed
A_2763,Whiplash,B_1936,Whiplash
A_2777,Brimstone,B_0603,Brimstone
A_2784,Rush,B_2799,Rush
A_2785,Point Break,B_1145,Point Break
A_2788,Kick-Ass 2,B_2899,Kick-Ass 2
A_2789,Lone Survivor,B_2518,Lone Survivor
A_2792,Barry,B_0773,Barry
A_2796,Trainwreck,B_1402,Trainwreck
A_2806,Zoolander 2,B_1097,Zoolander 2
A_2809,The Intern,B_1277,The Intern
A_2810,The Edge of Seventeen,B_0691,The Edge of Seventeen
A_2812,Me and Earl and the Dying Girl,B_1483,Me and Earl and the Dying Girl
A_2819,"Love, Rosie",B_1767,"Love, Rosie"
A_2821,Sex Tape,B_2202,Sex Tape
A_2833,Unforgettable,B_0439,Unforgettable
A_2839,Winter's Tale,B_2493,Winter's Tale
A_2842,The Best Offer,B_2604,The Best Offer
A_2850,Lost River,B_1797,Lost River
A_2860,RoboCop,B_2506,RoboCop
A_2866,Riddick,B_2826,Riddick
A_2871,Survivor,B_1704,Survivor
A_2873,Wild,B_1864,Wild
A_2877,Pete's Dragon,B_0783,Pete's Dragon
A_2881,R.I.P.D.,B_2979,R.I.P.D.
A_2886,Fantastic Four,B_1336,Fantastic Four
A_2892,The Last Witch Hunter,B_1249,The Last Witch Hunter
A_2923,The Quiet Ones,B_2358,The Quiet Ones
A_2925,"I, Frankenstein",B_2566,"I, Frankenstein"
A_2932,Shut In,B_0653,Shut In
A_2935,Friend Request,B_0127,Friend Request
A_2939,I Am the Pretty Thing That Lives in the House,B_0860,I Am the Pretty Thing That Lives in the House
A_2941,Home,B_1610,Home
A_2941,Home,B_2689,Home
A_2944,The Nut Job,B_2613,The Nut Job
A_2947,Rock Dog,B_0543,Rock Dog
A_2986,Teenage Mutant Ninja Turtles,B_2071,Teenage Mutant Ninja Turtles
A_2991,Churchill,B_0318,Churchill
A_2994,12 Years a Slave,B_2735,12 Years a Slave
A_2997,45 Years,B_1058,45 Years
A_3000,Spotlight,B_1229,Spotlight
A_3005,Bridge of Spies,B_1245,Bridge of Spies
A_3012,Keanu,B_0973,Keanu
A_3038,Half Magic,B_0044,Half Magic
A_3044,The Meyerowitz Stories (New and Selected),B_0276,The Meyerowitz Stories (New and Selected)
A_3047,The Captive,B_1941,The Captive
A_3051,Marauders,B_0920,Marauders
A_3054,Non-Stop,B_2507,Non-Stop
A_3055,Dark Places,B_1461,Dark Places
A_3060,A Walk Among the Tombstones,B_2054,A Walk Among the Tombstones
A_3073,Regression,B_1086,Regression
A_3079,Teenage Mutant Ninja Turtles,B_2071,Teenage Mutant Ninja Turtles
A_3086,Hardcore Henry,B_0981,Hardcore Henry
A_3089,Radius,B_0261,Radius
A_3092,Prodigy,B_0032,Prodigy
A_3119,Love the Coopers,B_1261,Love the Coopers
A_3140,The Lazarus Effect,B_1686,The Lazarus Effect
A_3143,Krampus,B_1119,Krampus
A_3148,The Crucifixion,B_0196,The Crucifixion
A_3159,The Devil's Candy,B_0337,The Devil's Candy
A_3162,Yoga Hosers,B_0809,Yoga Hosers
A_3166,Open Water 3: Cage Dive,B_0323,Open Water 3: Cage Dive
A_3168,The Voices,B_1866,The Voices
A_3180,Teenage Mutant Ninja Turtles,B_2071,Teenage Mutant Ninja Turtles
A_3186,Tarzan,B_1984,Tarzan
A_3200,Shaun the Sheep Movie,B_1367,Shaun the Sheep Movie
A_3214,Strange Magic,B_1753,Strange Magic
A_3225,Manchester by the Sea,B_0690,Manchester by the Sea
A_3230,Lion,B_0596,Lion
A_3231,The Notebook,B_2088,The Notebook
A_3233,Gifted,B_0432,Gifted
A_3235,Breathe,B_0153,Breathe
A_3235,Breathe,B_1247,Breathe
A_3237,American Hustle,B_2680,American Hustle
A_3240,The Neighbor,B_0924,The Neighbor
A_3245,Miss Sloane,B_0628,Miss Sloane
